id,link,objects
1,https://testelk.com/1,car:(0-10)||dog:(2-5)&(55-58)||tree:(13-45)||bird:(22-31)||girl:(10-60)
2,https://testelk.in/2,tree:(3-40)||bird:(50-60)||girl:(20-30)
3,https://testelk.in/3,tree:(2-20)||dog:(45-55)||cat:(20-30)
4,https://testelk.in/4,cat:(5-20)||dog:(10-60)||tree:(20-30)
5,https://testelk.in/5,bird:(15-20)||tree:(5-60)
6,https://testelk.in/6,boy:(0-30)||girl:(30-60)
7,https://testelk.in/7,tree:(0-30)||girl:(30-60)
8,https://testelk.in/8,boy:(0-30)||tree:(30-60)
9,https://testelk.in/9,car:(25-50)||dog:(37-60)||boy:(20-30)
10,https://testelk.in/10,car:(15-20)||dog:(37-60)||girl:(20-30)
11,https://testelk.in/11,bird:(2-5)||tree:(50-60)
12,https://testelk.in/12,car:(0-10)||dog:(2-5)&(55-58)||tree:(13-45)&(5-10)||bird:(22-31)||girl:(10-60)
13,https://testelk.in/13,car:(3-30)&(50-60)||bus:(5-60)||boy:(25-30)
14,https://testelk.in/14,bus:(37-60)
15,https://testelk.in/15,dog:(3-40)
16,https://testelk.in/16,boy:(10-20)
17,https://testelk.in/17,girl:(30-50)
18,https://testelk.in/18,tree:(0-60)
19,https://testelk.in/19,water:(15-20)||tree:(37-60)
20,https://testelk.in/20,water:(5-15)||bird:(17-40)
21,https://testelk.in/21,car:(0-10)||dog:(4-5)&(35-38)||tree:(13-45)||bird:(22-31)
22,https://testelk.in/22,dog:(2-5)&(55-58)||tree:(13-45)||bird:(22-31)||girl:(10-60)
23,https://testelk.in/23,car:(0-10)||dog:(2-5)&(55-58)||bird:(22-31)||girl:(10-60)
24,https://testelk.in/24,car:(15-60)
25,https://testelk.in/25,shop:(15-20)||bus:(37-60)||boy:(20-30)
26,https://testelk.in/26,virat:(0-60)||wicket:(37-60)||ball:(20-30)
27,https://testelk.in/27,girl:(55-60)||bus:(4-60)||boy:(20-30)
28,https://testelk.in/28,wicket:(30-60)||ball:(0-50)
29,https://testelk.in/29,tree:(15-20)||water:(5-45)
30,https://testelk.in/30,car:(5-10)||bus:(2-5)&(55-58)||boy:(13-45)||bird:(22-31)||girl:(10-60)
